{
  "project_info": {
    "project_number": "644966137174",
    "project_id": "recipe-app-76c42",
    "storage_bucket": "recipe-app-76c42.firebasestorage.app"
  },
  "client": [
    {
      "client_info": {
        "mobilesdk_app_id": "1:644966137174:android:13cfe4720754f1f972eaf7",
        "android_client_info": {
          "package_name": "com.example.recipeapp"
        }
      },
      "oauth_client": [],
      "api_key": [
        {
          "current_key": "AIzaSyAqozAQbsXpFzJrotVK7qQ5AG-QwDGEBHY"
        }
      ],
      "services": {
        "appinvite_service": {
          "other_platform_oauth_client": []
        }
      }
    }
  ],
  "configuration_version": "1"
}